name	tune_min_sharpe	tune_mean_ann	holdout_sharpe	holdout_ret	alpha_influence	coverage	selection	eligible
mom_minus_vol s1 w0.25 sm14 noc	0.4381	0.0531	0.1058	0.0094	1.0000	100.00%	0.3082	True
mom_minus_vol s1 w0.25 sm14 c0.5	0.4381	0.0531	0.0617	0.0038	1.0000	100.00%	0.3082	True
mom_minus_vol s1 w0.25 sm14 c0.8	0.4381	0.0531	0.0120	-0.0024	1.0000	100.00%	0.3082	True
mom_minus_vol s1 w0.25 sm18 noc	0.4505	0.0544	0.7827	0.0987	1.0000	100.00%	0.3170	True
mom_minus_vol s1 w0.25 sm18 c0.5	0.4505	0.0544	0.7419	0.0926	1.0000	100.00%	0.3170	True
mom_minus_vol s1 w0.25 sm18 c0.8	0.4505	0.0544	0.6608	0.0805	1.0000	100.00%	0.3170	True
mom_minus_vol s1 w0.25 sm22 noc	0.4892	0.0583	0.7367	0.0913	1.0000	100.00%	0.3434	True
mom_minus_vol s1 w0.25 sm22 c0.5	0.4892	0.0583	0.6934	0.0850	1.0000	100.00%	0.3434	True
mom_minus_vol s1 w0.25 sm22 c0.8	0.4892	0.0583	0.5905	0.0705	1.0000	100.00%	0.3434	True
mom_minus_vol s1 w0.35 sm14 noc	0.4381	0.0531	-0.9057	-0.1004	1.0000	100.00%	0.3082	False
mom_minus_vol s1 w0.35 sm14 c0.5	0.4381	0.0531	-0.9565	-0.1050	1.0000	100.00%	0.3082	False
mom_minus_vol s1 w0.35 sm14 c0.8	0.4381	0.0531	-1.0150	-0.1098	1.0000	100.00%	0.3082	False
mom_minus_vol s1 w0.35 sm18 noc	0.4505	0.0544	-0.3426	-0.0401	1.0000	100.00%	0.3170	False
mom_minus_vol s1 w0.35 sm18 c0.5	0.4505	0.0544	-0.3904	-0.0449	1.0000	100.00%	0.3170	False
mom_minus_vol s1 w0.35 sm18 c0.8	0.4505	0.0544	-0.4979	-0.0555	1.0000	100.00%	0.3170	False
mom_minus_vol s1 w0.35 sm22 noc	0.4892	0.0583	-0.0334	-0.0071	1.0000	100.00%	0.3434	False
mom_minus_vol s1 w0.35 sm22 c0.5	0.4892	0.0583	-0.0784	-0.0122	1.0000	100.00%	0.3434	False
mom_minus_vol s1 w0.35 sm22 c0.8	0.4892	0.0583	-0.1967	-0.0253	1.0000	100.00%	0.3434	False
mom_minus_vol s1 w0.45 sm14 noc	0.4381	0.0531	-1.4952	-0.1604	1.0000	100.00%	0.3082	False
mom_minus_vol s1 w0.45 sm14 c0.5	0.4381	0.0531	-1.5434	-0.1643	1.0000	100.00%	0.3082	False
mom_minus_vol s1 w0.45 sm14 c0.8	0.4381	0.0531	-1.6075	-0.1689	1.0000	100.00%	0.3082	False
mom_minus_vol s1 w0.45 sm18 noc	0.4505	0.0544	-1.0750	-0.1195	1.0000	100.00%	0.3170	False
mom_minus_vol s1 w0.45 sm18 c0.5	0.4505	0.0544	-1.1201	-0.1235	1.0000	100.00%	0.3170	False
mom_minus_vol s1 w0.45 sm18 c0.8	0.4505	0.0544	-1.2275	-0.1329	1.0000	100.00%	0.3170	False
mom_minus_vol s1 w0.45 sm22 noc	0.4892	0.0583	-0.7246	-0.0871	1.0000	100.00%	0.3434	False
mom_minus_vol s1 w0.45 sm22 c0.5	0.4892	0.0583	-0.7666	-0.0913	1.0000	100.00%	0.3434	False
mom_minus_vol s1 w0.45 sm22 c0.8	0.4892	0.0583	-0.8824	-0.1027	1.0000	100.00%	0.3434	False
mom_minus_vol s1 w0.55 sm14 noc	0.4381	0.0531	-1.8776	-0.2028	1.0000	100.00%	0.3082	False
mom_minus_vol s1 w0.55 sm14 c0.5	0.4381	0.0531	-1.9225	-0.2063	1.0000	100.00%	0.3082	False
mom_minus_vol s1 w0.55 sm14 c0.8	0.4381	0.0531	-1.9957	-0.2112	1.0000	100.00%	0.3082	False
mom_minus_vol s1 w0.55 sm18 noc	0.4505	0.0544	-1.5129	-0.1725	1.0000	100.00%	0.3170	False
mom_minus_vol s1 w0.55 sm18 c0.5	0.4505	0.0544	-1.5538	-0.1761	1.0000	100.00%	0.3170	False
mom_minus_vol s1 w0.55 sm18 c0.8	0.4505	0.0544	-1.6635	-0.1849	1.0000	100.00%	0.3170	False
mom_minus_vol s1 w0.55 sm22 noc	0.4892	0.0583	-1.2558	-0.1506	1.0000	100.00%	0.3434	False
mom_minus_vol s1 w0.55 sm22 c0.5	0.4892	0.0583	-1.2949	-0.1543	1.0000	100.00%	0.3434	False
mom_minus_vol s1 w0.55 sm22 c0.8	0.4892	0.0583	-1.4175	-0.1652	1.0000	100.00%	0.3434	False
mom_minus_vol s-1 w0.25 sm14 noc	0.4381	0.0531	1.0546	0.1647	1.0000	100.00%	0.3082	True
mom_minus_vol s-1 w0.25 sm14 c0.5	0.4381	0.0531	1.0511	0.1641	1.0000	100.00%	0.3082	True
mom_minus_vol s-1 w0.25 sm14 c0.8	0.4381	0.0531	0.9525	0.1446	1.0000	100.00%	0.3082	True
mom_minus_vol s-1 w0.25 sm18 noc	0.4505	0.0544	0.9842	0.1567	1.0000	100.00%	0.3170	True
mom_minus_vol s-1 w0.25 sm18 c0.5	0.4505	0.0544	0.9818	0.1563	1.0000	100.00%	0.3170	True
mom_minus_vol s-1 w0.25 sm18 c0.8	0.4505	0.0544	0.8848	0.1369	1.0000	100.00%	0.3170	True
mom_minus_vol s-1 w0.25 sm22 noc	0.4892	0.0583	1.0498	0.1714	1.0000	100.00%	0.3434	True
mom_minus_vol s-1 w0.25 sm22 c0.5	0.4892	0.0583	1.0431	0.1702	1.0000	100.00%	0.3434	True
mom_minus_vol s-1 w0.25 sm22 c0.8	0.4892	0.0583	0.9460	0.1500	1.0000	100.00%	0.3434	True
mom_minus_vol s-1 w0.35 sm14 noc	0.4381	0.0531	0.9231	0.1387	1.0000	100.00%	0.3082	True
mom_minus_vol s-1 w0.35 sm14 c0.5	0.4381	0.0531	0.9323	0.1402	1.0000	100.00%	0.3082	True
mom_minus_vol s-1 w0.35 sm14 c0.8	0.4381	0.0531	0.8303	0.1213	1.0000	100.00%	0.3082	True
mom_minus_vol s-1 w0.35 sm18 noc	0.4505	0.0544	0.8318	0.1274	1.0000	100.00%	0.3170	True
mom_minus_vol s-1 w0.35 sm18 c0.5	0.4505	0.0544	0.8398	0.1288	1.0000	100.00%	0.3170	True
mom_minus_vol s-1 w0.35 sm18 c0.8	0.4505	0.0544	0.7451	0.1110	1.0000	100.00%	0.3170	True
mom_minus_vol s-1 w0.35 sm22 noc	0.4892	0.0583	0.9250	0.1464	1.0000	100.00%	0.3434	True
mom_minus_vol s-1 w0.35 sm22 c0.5	0.4892	0.0583	0.9305	0.1473	1.0000	100.00%	0.3434	True
mom_minus_vol s-1 w0.35 sm22 c0.8	0.4892	0.0583	0.8380	0.1290	1.0000	100.00%	0.3434	True
mom_minus_vol s-1 w0.45 sm14 noc	0.4381	0.0531	0.7789	0.1123	1.0000	100.00%	0.3082	True
mom_minus_vol s-1 w0.45 sm14 c0.5	0.4381	0.0531	0.7970	0.1151	1.0000	100.00%	0.3082	True
mom_minus_vol s-1 w0.45 sm14 c0.8	0.4381	0.0531	0.6916	0.0969	1.0000	100.00%	0.3082	True
mom_minus_vol s-1 w0.45 sm18 noc	0.4505	0.0544	0.7005	0.1034	1.0000	100.00%	0.3170	True
mom_minus_vol s-1 w0.45 sm18 c0.5	0.4505	0.0544	0.7176	0.1061	1.0000	100.00%	0.3170	True
mom_minus_vol s-1 w0.45 sm18 c0.8	0.4505	0.0544	0.6228	0.0893	1.0000	100.00%	0.3170	True
mom_minus_vol s-1 w0.45 sm22 noc	0.4892	0.0583	0.7490	0.1144	1.0000	100.00%	0.3434	True
mom_minus_vol s-1 w0.45 sm22 c0.5	0.4892	0.0583	0.7640	0.1169	1.0000	100.00%	0.3434	True
mom_minus_vol s-1 w0.45 sm22 c0.8	0.4892	0.0583	0.6730	0.0999	1.0000	100.00%	0.3434	True
mom_minus_vol s-1 w0.55 sm14 noc	0.4381	0.0531	0.6524	0.0905	1.0000	100.00%	0.3082	True
mom_minus_vol s-1 w0.55 sm14 c0.5	0.4381	0.0531	0.6746	0.0938	1.0000	100.00%	0.3082	True
mom_minus_vol s-1 w0.55 sm14 c0.8	0.4381	0.0531	0.5649	0.0759	1.0000	100.00%	0.3082	True
mom_minus_vol s-1 w0.55 sm18 noc	0.4505	0.0544	0.5719	0.0812	1.0000	100.00%	0.3170	True
mom_minus_vol s-1 w0.55 sm18 c0.5	0.4505	0.0544	0.5937	0.0845	1.0000	100.00%	0.3170	True
mom_minus_vol s-1 w0.55 sm18 c0.8	0.4505	0.0544	0.4983	0.0685	1.0000	100.00%	0.3170	True
mom_minus_vol s-1 w0.55 sm22 noc	0.4892	0.0583	0.6379	0.0944	1.0000	100.00%	0.3434	True
mom_minus_vol s-1 w0.55 sm22 c0.5	0.4892	0.0583	0.6576	0.0976	1.0000	100.00%	0.3434	True
mom_minus_vol s-1 w0.55 sm22 c0.8	0.4892	0.0583	0.5673	0.0815	1.0000	100.00%	0.3434	True
mom_resid_vol s1 w0.25 sm14 noc	0.4381	0.0531	1.3186	0.2229	1.0000	100.00%	0.3082	True
mom_resid_vol s1 w0.25 sm14 c0.5	0.4381	0.0531	1.2834	0.2152	1.0000	100.00%	0.3082	True
mom_resid_vol s1 w0.25 sm14 c0.8	0.4381	0.0531	1.2008	0.1961	1.0000	100.00%	0.3082	True
mom_resid_vol s1 w0.25 sm18 noc	0.4505	0.0544	1.3254	0.2280	1.0000	100.00%	0.3170	True
mom_resid_vol s1 w0.25 sm18 c0.5	0.4505	0.0544	1.2907	0.2203	1.0000	100.00%	0.3170	True
mom_resid_vol s1 w0.25 sm18 c0.8	0.4505	0.0544	1.2017	0.1997	1.0000	100.00%	0.3170	True
mom_resid_vol s1 w0.25 sm22 noc	0.4892	0.0583	1.3872	0.2425	1.0000	100.00%	0.3434	True
mom_resid_vol s1 w0.25 sm22 c0.5	0.4892	0.0583	1.3518	0.2344	1.0000	100.00%	0.3434	True
mom_resid_vol s1 w0.25 sm22 c0.8	0.4892	0.0583	1.2606	0.2127	1.0000	100.00%	0.3434	True
mom_resid_vol s1 w0.35 sm14 noc	0.4381	0.0531	1.2540	0.2059	1.0000	100.00%	0.3082	True
mom_resid_vol s1 w0.35 sm14 c0.5	0.4381	0.0531	1.2208	0.1990	1.0000	100.00%	0.3082	True
mom_resid_vol s1 w0.35 sm14 c0.8	0.4381	0.0531	1.1471	0.1823	1.0000	100.00%	0.3082	True
mom_resid_vol s1 w0.35 sm18 noc	0.4505	0.0544	1.2514	0.2094	1.0000	100.00%	0.3170	True
mom_resid_vol s1 w0.35 sm18 c0.5	0.4505	0.0544	1.2185	0.2024	1.0000	100.00%	0.3170	True
mom_resid_vol s1 w0.35 sm18 c0.8	0.4505	0.0544	1.1344	0.1835	1.0000	100.00%	0.3170	True
mom_resid_vol s1 w0.35 sm22 noc	0.4892	0.0583	1.3349	0.2274	1.0000	100.00%	0.3434	True
mom_resid_vol s1 w0.35 sm22 c0.5	0.4892	0.0583	1.3014	0.2201	1.0000	100.00%	0.3434	True
mom_resid_vol s1 w0.35 sm22 c0.8	0.4892	0.0583	1.2120	0.1995	1.0000	100.00%	0.3434	True
mom_resid_vol s1 w0.45 sm14 noc	0.4381	0.0531	1.1267	0.1767	1.0000	100.00%	0.3082	True
mom_resid_vol s1 w0.45 sm14 c0.5	0.4381	0.0531	1.0941	0.1704	1.0000	100.00%	0.3082	True
mom_resid_vol s1 w0.45 sm14 c0.8	0.4381	0.0531	1.0302	0.1566	1.0000	100.00%	0.3082	True
mom_resid_vol s1 w0.45 sm18 noc	0.4505	0.0544	1.2003	0.1942	1.0000	100.00%	0.3170	True
mom_resid_vol s1 w0.45 sm18 c0.5	0.4505	0.0544	1.1687	0.1879	1.0000	100.00%	0.3170	True
mom_resid_vol s1 w0.45 sm18 c0.8	0.4505	0.0544	1.0903	0.1708	1.0000	100.00%	0.3170	True
mom_resid_vol s1 w0.45 sm22 noc	0.4892	0.0583	1.2805	0.2112	1.0000	100.00%	0.3434	True
mom_resid_vol s1 w0.45 sm22 c0.5	0.4892	0.0583	1.2487	0.2046	1.0000	100.00%	0.3434	True
mom_resid_vol s1 w0.45 sm22 c0.8	0.4892	0.0583	1.1592	0.1848	1.0000	100.00%	0.3434	True
mom_resid_vol s1 w0.55 sm14 noc	0.4381	0.0531	1.0348	0.1547	1.0000	100.00%	0.3082	True
mom_resid_vol s1 w0.55 sm14 c0.5	0.4381	0.0531	1.0025	0.1488	1.0000	100.00%	0.3082	True
mom_resid_vol s1 w0.55 sm14 c0.8	0.4381	0.0531	0.9446	0.1370	1.0000	100.00%	0.3082	True
mom_resid_vol s1 w0.55 sm18 noc	0.4505	0.0544	1.1200	0.1734	1.0000	100.00%	0.3170	True
mom_resid_vol s1 w0.55 sm18 c0.5	0.4505	0.0544	1.0886	0.1674	1.0000	100.00%	0.3170	True
mom_resid_vol s1 w0.55 sm18 c0.8	0.4505	0.0544	1.0140	0.1521	1.0000	100.00%	0.3170	True
mom_resid_vol s1 w0.55 sm22 noc	0.4892	0.0583	1.2087	0.1916	1.0000	100.00%	0.3434	True
mom_resid_vol s1 w0.55 sm22 c0.5	0.4892	0.0583	1.1774	0.1855	1.0000	100.00%	0.3434	True
mom_resid_vol s1 w0.55 sm22 c0.8	0.4892	0.0583	1.0906	0.1673	1.0000	100.00%	0.3434	True
canonical_vol s1 w0.25 sm14 noc	0.4381	0.0531	1.3676	0.2288	1.0000	100.00%	0.3082	True
canonical_vol s1 w0.25 sm14 c0.5	0.4381	0.0531	1.3365	0.2222	1.0000	100.00%	0.3082	True
canonical_vol s1 w0.25 sm14 c0.8	0.4381	0.0531	1.2425	0.2010	1.0000	100.00%	0.3082	True
canonical_vol s1 w0.25 sm18 noc	0.4505	0.0544	1.2818	0.2164	1.0000	100.00%	0.3170	True
canonical_vol s1 w0.25 sm18 c0.5	0.4505	0.0544	1.2514	0.2100	1.0000	100.00%	0.3170	True
canonical_vol s1 w0.25 sm18 c0.8	0.4505	0.0544	1.1577	0.1890	1.0000	100.00%	0.3170	True
canonical_vol s1 w0.25 sm22 noc	0.4892	0.0583	1.2983	0.2228	1.0000	100.00%	0.3434	True
canonical_vol s1 w0.25 sm22 c0.5	0.4892	0.0583	1.2669	0.2160	1.0000	100.00%	0.3434	True
canonical_vol s1 w0.25 sm22 c0.8	0.4892	0.0583	1.1738	0.1948	1.0000	100.00%	0.3434	True
canonical_vol s1 w0.35 sm14 noc	0.4381	0.0531	1.3280	0.2186	1.0000	100.00%	0.3082	True
canonical_vol s1 w0.35 sm14 c0.5	0.4381	0.0531	1.3003	0.2129	1.0000	100.00%	0.3082	True
canonical_vol s1 w0.35 sm14 c0.8	0.4381	0.0531	1.2073	0.1925	1.0000	100.00%	0.3082	True
canonical_vol s1 w0.35 sm18 noc	0.4505	0.0544	1.2336	0.2049	1.0000	100.00%	0.3170	True
canonical_vol s1 w0.35 sm18 c0.5	0.4505	0.0544	1.2065	0.1993	1.0000	100.00%	0.3170	True
canonical_vol s1 w0.35 sm18 c0.8	0.4505	0.0544	1.1142	0.1792	1.0000	100.00%	0.3170	True
canonical_vol s1 w0.35 sm22 noc	0.4892	0.0583	1.2822	0.2178	1.0000	100.00%	0.3434	True
canonical_vol s1 w0.35 sm22 c0.5	0.4892	0.0583	1.2546	0.2120	1.0000	100.00%	0.3434	True
canonical_vol s1 w0.35 sm22 c0.8	0.4892	0.0583	1.1630	0.1914	1.0000	100.00%	0.3434	True
canonical_vol s1 w0.45 sm14 noc	0.4381	0.0531	1.2937	0.2097	1.0000	100.00%	0.3082	True
canonical_vol s1 w0.45 sm14 c0.5	0.4381	0.0531	1.2691	0.2048	1.0000	100.00%	0.3082	True
canonical_vol s1 w0.45 sm14 c0.8	0.4381	0.0531	1.1777	0.1852	1.0000	100.00%	0.3082	True
canonical_vol s1 w0.45 sm18 noc	0.4505	0.0544	1.1691	0.1910	1.0000	100.00%	0.3170	True
canonical_vol s1 w0.45 sm18 c0.5	0.4505	0.0544	1.1451	0.1863	1.0000	100.00%	0.3170	True
canonical_vol s1 w0.45 sm18 c0.8	0.4505	0.0544	1.0536	0.1669	1.0000	100.00%	0.3170	True
canonical_vol s1 w0.45 sm22 noc	0.4892	0.0583	1.2471	0.2093	1.0000	100.00%	0.3434	True
canonical_vol s1 w0.45 sm22 c0.5	0.4892	0.0583	1.2227	0.2042	1.0000	100.00%	0.3434	True
canonical_vol s1 w0.45 sm22 c0.8	0.4892	0.0583	1.1311	0.1840	1.0000	100.00%	0.3434	True
canonical_vol s1 w0.55 sm14 noc	0.4381	0.0531	1.2742	0.2037	1.0000	100.00%	0.3082	True
canonical_vol s1 w0.55 sm14 c0.5	0.4381	0.0531	1.2534	0.1997	1.0000	100.00%	0.3082	True
canonical_vol s1 w0.55 sm14 c0.8	0.4381	0.0531	1.1611	0.1803	1.0000	100.00%	0.3082	True
canonical_vol s1 w0.55 sm18 noc	0.4505	0.0544	1.1286	0.1816	1.0000	100.00%	0.3170	True
canonical_vol s1 w0.55 sm18 c0.5	0.4505	0.0544	1.1083	0.1777	1.0000	100.00%	0.3170	True
canonical_vol s1 w0.55 sm18 c0.8	0.4505	0.0544	1.0188	0.1591	1.0000	100.00%	0.3170	True
canonical_vol s1 w0.55 sm22 noc	0.4892	0.0583	1.2162	0.2017	1.0000	100.00%	0.3434	True
canonical_vol s1 w0.55 sm22 c0.5	0.4892	0.0583	1.1958	0.1976	1.0000	100.00%	0.3434	True
canonical_vol s1 w0.55 sm22 c0.8	0.4892	0.0583	1.1049	0.1779	1.0000	100.00%	0.3434	True
canonical_vol s-1 w0.25 sm14 noc	0.4381	0.0531	-1.8067	-0.1767	1.0000	100.00%	0.3082	False
canonical_vol s-1 w0.25 sm14 c0.5	0.4381	0.0531	-1.8866	-0.1818	1.0000	100.00%	0.3082	False
canonical_vol s-1 w0.25 sm14 c0.8	0.4381	0.0531	-1.9857	-0.1886	1.0000	100.00%	0.3082	False
canonical_vol s-1 w0.25 sm18 noc	0.4505	0.0544	-0.9871	-0.0958	1.0000	100.00%	0.3170	False
canonical_vol s-1 w0.25 sm18 c0.5	0.4505	0.0544	-1.0637	-0.1015	1.0000	100.00%	0.3170	False
canonical_vol s-1 w0.25 sm18 c0.8	0.4505	0.0544	-1.1994	-0.1122	1.0000	100.00%	0.3170	False
canonical_vol s-1 w0.25 sm22 noc	0.4892	0.0583	-0.7632	-0.0776	1.0000	100.00%	0.3434	False
canonical_vol s-1 w0.25 sm22 c0.5	0.4892	0.0583	-0.8399	-0.0837	1.0000	100.00%	0.3434	False
canonical_vol s-1 w0.25 sm22 c0.8	0.4892	0.0583	-0.9778	-0.0953	1.0000	100.00%	0.3434	False
canonical_vol s-1 w0.35 sm14 noc	0.4381	0.0531	-2.5522	-0.2679	1.0000	100.00%	0.3082	False
canonical_vol s-1 w0.35 sm14 c0.5	0.4381	0.0531	-2.5924	-0.2706	1.0000	100.00%	0.3082	False
canonical_vol s-1 w0.35 sm14 c0.8	0.4381	0.0531	-2.7282	-0.2793	1.0000	100.00%	0.3082	False
canonical_vol s-1 w0.35 sm18 noc	0.4505	0.0544	-1.8052	-0.2038	1.0000	100.00%	0.3170	False
canonical_vol s-1 w0.35 sm18 c0.5	0.4505	0.0544	-1.8421	-0.2069	1.0000	100.00%	0.3170	False
canonical_vol s-1 w0.35 sm18 c0.8	0.4505	0.0544	-1.9826	-0.2178	1.0000	100.00%	0.3170	False
canonical_vol s-1 w0.35 sm22 noc	0.4892	0.0583	-1.7464	-0.2056	1.0000	100.00%	0.3434	False
canonical_vol s-1 w0.35 sm22 c0.5	0.4892	0.0583	-1.7895	-0.2092	1.0000	100.00%	0.3434	False
canonical_vol s-1 w0.35 sm22 c0.8	0.4892	0.0583	-1.9226	-0.2199	1.0000	100.00%	0.3434	False
canonical_vol s-1 w0.45 sm14 noc	0.4381	0.0531	-2.5786	-0.2925	1.0000	100.00%	0.3082	False
canonical_vol s-1 w0.45 sm14 c0.5	0.4381	0.0531	-2.5875	-0.2933	1.0000	100.00%	0.3082	False
canonical_vol s-1 w0.45 sm14 c0.8	0.4381	0.0531	-2.7213	-0.3021	1.0000	100.00%	0.3082	False
canonical_vol s-1 w0.45 sm18 noc	0.4505	0.0544	-2.0296	-0.2432	1.0000	100.00%	0.3170	False
canonical_vol s-1 w0.45 sm18 c0.5	0.4505	0.0544	-2.0369	-0.2439	1.0000	100.00%	0.3170	False
canonical_vol s-1 w0.45 sm18 c0.8	0.4505	0.0544	-2.1756	-0.2546	1.0000	100.00%	0.3170	False
canonical_vol s-1 w0.45 sm22 noc	0.4892	0.0583	-2.0319	-0.2515	1.0000	100.00%	0.3434	False
canonical_vol s-1 w0.45 sm22 c0.5	0.4892	0.0583	-2.0434	-0.2527	1.0000	100.00%	0.3434	False
canonical_vol s-1 w0.45 sm22 c0.8	0.4892	0.0583	-2.1772	-0.2633	1.0000	100.00%	0.3434	False
canonical_vol s-1 w0.55 sm14 noc	0.4381	0.0531	-2.5480	-0.2990	1.0000	100.00%	0.3082	False
canonical_vol s-1 w0.55 sm14 c0.5	0.4381	0.0531	-2.5479	-0.2989	1.0000	100.00%	0.3082	False
canonical_vol s-1 w0.55 sm14 c0.8	0.4381	0.0531	-2.6809	-0.3079	1.0000	100.00%	0.3082	False
canonical_vol s-1 w0.55 sm18 noc	0.4505	0.0544	-2.1220	-0.2611	1.0000	100.00%	0.3170	False
canonical_vol s-1 w0.55 sm18 c0.5	0.4505	0.0544	-2.1214	-0.2610	1.0000	100.00%	0.3170	False
canonical_vol s-1 w0.55 sm18 c0.8	0.4505	0.0544	-2.2588	-0.2715	1.0000	100.00%	0.3170	False
canonical_vol s-1 w0.55 sm22 noc	0.4892	0.0583	-2.1377	-0.2703	1.0000	100.00%	0.3434	False
canonical_vol s-1 w0.55 sm22 c0.5	0.4892	0.0583	-2.1384	-0.2704	1.0000	100.00%	0.3434	False
canonical_vol s-1 w0.55 sm22 c0.8	0.4892	0.0583	-2.2701	-0.2807	1.0000	100.00%	0.3434	False
conc_scaled_momentum s1 w0.25 sm14 noc	0.4381	0.0531	1.3768	0.2322	1.0000	100.00%	0.3082	True
conc_scaled_momentum s1 w0.25 sm14 c0.5	0.4381	0.0531	1.3695	0.2308	1.0000	100.00%	0.3082	True
conc_scaled_momentum s1 w0.25 sm14 c0.8	0.4381	0.0531	1.2787	0.2097	1.0000	100.00%	0.3082	True
conc_scaled_momentum s1 w0.25 sm18 noc	0.4505	0.0544	1.3640	0.2340	1.0000	100.00%	0.3170	True
conc_scaled_momentum s1 w0.25 sm18 c0.5	0.4505	0.0544	1.3566	0.2326	1.0000	100.00%	0.3170	True
conc_scaled_momentum s1 w0.25 sm18 c0.8	0.4505	0.0544	1.2606	0.2102	1.0000	100.00%	0.3170	True
conc_scaled_momentum s1 w0.25 sm22 noc	0.4892	0.0583	1.4123	0.2465	1.0000	100.00%	0.3434	True
conc_scaled_momentum s1 w0.25 sm22 c0.5	0.4892	0.0583	1.4049	0.2450	1.0000	100.00%	0.3434	True
conc_scaled_momentum s1 w0.25 sm22 c0.8	0.4892	0.0583	1.3105	0.2223	1.0000	100.00%	0.3434	True
conc_scaled_momentum s1 w0.35 sm14 noc	0.4381	0.0531	1.3229	0.2167	1.0000	100.00%	0.3082	True
conc_scaled_momentum s1 w0.35 sm14 c0.5	0.4381	0.0531	1.3166	0.2155	1.0000	100.00%	0.3082	True
conc_scaled_momentum s1 w0.35 sm14 c0.8	0.4381	0.0531	1.2297	0.1959	1.0000	100.00%	0.3082	True
conc_scaled_momentum s1 w0.35 sm18 noc	0.4505	0.0544	1.3568	0.2278	1.0000	100.00%	0.3170	True
conc_scaled_momentum s1 w0.35 sm18 c0.5	0.4505	0.0544	1.3509	0.2267	1.0000	100.00%	0.3170	True
conc_scaled_momentum s1 w0.35 sm18 c0.8	0.4505	0.0544	1.2601	0.2057	1.0000	100.00%	0.3170	True
conc_scaled_momentum s1 w0.35 sm22 noc	0.4892	0.0583	1.3651	0.2330	1.0000	100.00%	0.3434	True
conc_scaled_momentum s1 w0.35 sm22 c0.5	0.4892	0.0583	1.3593	0.2318	1.0000	100.00%	0.3434	True
conc_scaled_momentum s1 w0.35 sm22 c0.8	0.4892	0.0583	1.2664	0.2101	1.0000	100.00%	0.3434	True
conc_scaled_momentum s1 w0.45 sm14 noc	0.4381	0.0531	1.2443	0.1960	1.0000	100.00%	0.3082	True
conc_scaled_momentum s1 w0.45 sm14 c0.5	0.4381	0.0531	1.2383	0.1949	1.0000	100.00%	0.3082	True
conc_scaled_momentum s1 w0.45 sm14 c0.8	0.4381	0.0531	1.1555	0.1770	1.0000	100.00%	0.3082	True
conc_scaled_momentum s1 w0.45 sm18 noc	0.4505	0.0544	1.3464	0.2196	1.0000	100.00%	0.3170	True
conc_scaled_momentum s1 w0.45 sm18 c0.5	0.4505	0.0544	1.3407	0.2186	1.0000	100.00%	0.3170	True
conc_scaled_momentum s1 w0.45 sm18 c0.8	0.4505	0.0544	1.2515	0.1985	1.0000	100.00%	0.3170	True
conc_scaled_momentum s1 w0.45 sm22 noc	0.4892	0.0583	1.3411	0.2225	1.0000	100.00%	0.3434	True
conc_scaled_momentum s1 w0.45 sm22 c0.5	0.4892	0.0583	1.3354	0.2214	1.0000	100.00%	0.3434	True
conc_scaled_momentum s1 w0.45 sm22 c0.8	0.4892	0.0583	1.2430	0.2003	1.0000	100.00%	0.3434	True
conc_scaled_momentum s1 w0.55 sm14 noc	0.4381	0.0531	1.2291	0.1872	1.0000	100.00%	0.3082	True
conc_scaled_momentum s1 w0.55 sm14 c0.5	0.4381	0.0531	1.2232	0.1862	1.0000	100.00%	0.3082	True
conc_scaled_momentum s1 w0.55 sm14 c0.8	0.4381	0.0531	1.1437	0.1695	1.0000	100.00%	0.3082	True
conc_scaled_momentum s1 w0.55 sm18 noc	0.4505	0.0544	1.3060	0.2051	1.0000	100.00%	0.3170	True
conc_scaled_momentum s1 w0.55 sm18 c0.5	0.4505	0.0544	1.3004	0.2041	1.0000	100.00%	0.3170	True
conc_scaled_momentum s1 w0.55 sm18 c0.8	0.4505	0.0544	1.2118	0.1850	1.0000	100.00%	0.3170	True
conc_scaled_momentum s1 w0.55 sm22 noc	0.4892	0.0583	1.3028	0.2084	1.0000	100.00%	0.3434	True
conc_scaled_momentum s1 w0.55 sm22 c0.5	0.4892	0.0583	1.2973	0.2074	1.0000	100.00%	0.3434	True
conc_scaled_momentum s1 w0.55 sm22 c0.8	0.4892	0.0583	1.2044	0.1871	1.0000	100.00%	0.3434	True
radial_distance s1 w0.25 sm14 noc	0.4381	0.0531	1.1553	0.1579	1.0000	100.00%	0.3082	True
radial_distance s1 w0.25 sm14 c0.5	0.4381	0.0531	1.1166	0.1513	1.0000	100.00%	0.3082	True
radial_distance s1 w0.25 sm14 c0.8	0.4381	0.0531	0.9970	0.1312	1.0000	100.00%	0.3082	True
radial_distance s1 w0.25 sm18 noc	0.4505	0.0544	1.0637	0.1472	1.0000	100.00%	0.3170	True
radial_distance s1 w0.25 sm18 c0.5	0.4505	0.0544	1.0256	0.1408	1.0000	100.00%	0.3170	True
radial_distance s1 w0.25 sm18 c0.8	0.4505	0.0544	0.9051	0.1206	1.0000	100.00%	0.3170	True
radial_distance s1 w0.25 sm22 noc	0.4892	0.0583	1.0592	0.1483	1.0000	100.00%	0.3434	True
radial_distance s1 w0.25 sm22 c0.5	0.4892	0.0583	1.0203	0.1416	1.0000	100.00%	0.3434	True
radial_distance s1 w0.25 sm22 c0.8	0.4892	0.0583	0.8962	0.1207	1.0000	100.00%	0.3434	True
radial_distance s1 w0.35 sm14 noc	0.4381	0.0531	0.9548	0.1142	1.0000	100.00%	0.3082	True
radial_distance s1 w0.35 sm14 c0.5	0.4381	0.0531	0.9197	0.1093	1.0000	100.00%	0.3082	True
radial_distance s1 w0.35 sm14 c0.8	0.4381	0.0531	0.7837	0.0903	1.0000	100.00%	0.3082	True
radial_distance s1 w0.35 sm18 noc	0.4505	0.0544	0.8757	0.1071	1.0000	100.00%	0.3170	True
radial_distance s1 w0.35 sm18 c0.5	0.4505	0.0544	0.8414	0.1022	1.0000	100.00%	0.3170	True
radial_distance s1 w0.35 sm18 c0.8	0.4505	0.0544	0.7064	0.0831	1.0000	100.00%	0.3170	True
radial_distance s1 w0.35 sm22 noc	0.4892	0.0583	0.7990	0.0983	1.0000	100.00%	0.3434	True
radial_distance s1 w0.35 sm22 c0.5	0.4892	0.0583	0.7628	0.0931	1.0000	100.00%	0.3434	True
radial_distance s1 w0.35 sm22 c0.8	0.4892	0.0583	0.6233	0.0735	1.0000	100.00%	0.3434	True
radial_distance s1 w0.45 sm14 noc	0.4381	0.0531	0.7010	0.0760	1.0000	100.00%	0.3082	True
radial_distance s1 w0.45 sm14 c0.5	0.4381	0.0531	0.6712	0.0724	1.0000	100.00%	0.3082	True
radial_distance s1 w0.45 sm14 c0.8	0.4381	0.0531	0.5249	0.0546	1.0000	100.00%	0.3082	True
radial_distance s1 w0.45 sm18 noc	0.4505	0.0544	0.6341	0.0697	1.0000	100.00%	0.3170	True
radial_distance s1 w0.45 sm18 c0.5	0.4505	0.0544	0.6051	0.0661	1.0000	100.00%	0.3170	True
radial_distance s1 w0.45 sm18 c0.8	0.4505	0.0544	0.4541	0.0477	1.0000	100.00%	0.3170	True
radial_distance s1 w0.45 sm22 noc	0.4892	0.0583	0.5758	0.0634	1.0000	100.00%	0.3434	True
radial_distance s1 w0.45 sm22 c0.5	0.4892	0.0583	0.5450	0.0596	1.0000	100.00%	0.3434	True
radial_distance s1 w0.45 sm22 c0.8	0.4892	0.0583	0.3920	0.0410	1.0000	100.00%	0.3434	True
radial_distance s1 w0.55 sm14 noc	0.4381	0.0531	0.5362	0.0536	1.0000	100.00%	0.3082	True
radial_distance s1 w0.55 sm14 c0.5	0.4381	0.0531	0.5108	0.0508	1.0000	100.00%	0.3082	True
radial_distance s1 w0.55 sm14 c0.8	0.4381	0.0531	0.3560	0.0339	1.0000	100.00%	0.3082	True
radial_distance s1 w0.55 sm18 noc	0.4505	0.0544	0.5020	0.0510	1.0000	100.00%	0.3170	True
radial_distance s1 w0.55 sm18 c0.5	0.4505	0.0544	0.4772	0.0482	1.0000	100.00%	0.3170	True
radial_distance s1 w0.55 sm18 c0.8	0.4505	0.0544	0.3172	0.0304	1.0000	100.00%	0.3170	True
radial_distance s1 w0.55 sm22 noc	0.4892	0.0583	0.4453	0.0452	1.0000	100.00%	0.3434	True
radial_distance s1 w0.55 sm22 c0.5	0.4892	0.0583	0.4195	0.0423	1.0000	100.00%	0.3434	True
radial_distance s1 w0.55 sm22 c0.8	0.4892	0.0583	0.2562	0.0242	1.0000	100.00%	0.3434	True
